{"cameraMode":{"drawMode":0,"name":"Shaded","section":"Shading Mode"},"sceneLighting":true,"audioPlay":false,"sceneViewState":{"showFog":false,"showMaterialUpdate":false,"showSkybox":false,"showFlares":false,"showImageEffects":false,"showParticleSystems":false},"in2DMode":false,"pivot":{"x":-0.31803661584854128,"y":-73.66900634765625,"z":22.687843322753908},"rotation":{"x":0.5258607268333435,"y":0.01402770821005106,"z":-0.008675012737512589,"w":0.850412905216217},"size":58.7433967590332,"orthographic":false}